{"open":94.0985098251,"high":96.1727325799,"low":91.8650956157,"close":94.0724912047,"volume":113198599.2050874382,"rsi_7":53.0583824467,"rsi_14":52.8624569908,"cci_7":9.8099333872,"cci_14":13.2024574578,"sma_50":91.8107353715,"ema_50":91.8067510949,"sma_100":89.5428729785,"ema_100":89.5479274602,"macd":0.6472304081,"bollinger":93.1622463353,"TrueRange":4.6993510441,"atr_7":4.6802342747,"atr_14":4.6564609913}